{
	"partitions": [
		{
			"topic": "harman-perf-kafka-redis-connector-kafka-redis-state-store-changelog",
			"partition": 0,
			"replicas": [
				184,
				5
			]
		},
		{
			"topic": "harman-perf-kafka-redis-connector-kafka-redis-state-store-changelog",
			"partition": 1,
			"replicas": [
				241,
				184
			]
		},
		{
			"topic": "harman-perf-kafka-redis-connector-kafka-redis-state-store-changelog",
			"partition": 2,
			"replicas": [
				5,
				241
			]
		},
		{
			"topic": "harman-perf-kafka-redis-connector-kafka-redis-state-store-changelog",
			"partition": 3,
			"replicas": [
				184,
				5
			]
		},
		{
			"topic": "harman-perf-kafka-redis-connector-kafka-redis-state-store-changelog",
			"partition": 4,
			"replicas": [
				241,
				184
			]
		},
		{
			"topic": "harman-perf-kafka-redis-connector-kafka-redis-state-store-changelog",
			"partition": 5,
			"replicas": [
				5,
				241
			]
		},
		{
			"topic": "harman-perf-kafka-redis-connector-kafka-redis-state-store-changelog",
			"partition": 6,
			"replicas": [
				184,
				5
			]
		},
		{
			"topic": "harman-perf-kafka-redis-connector-kafka-redis-state-store-changelog",
			"partition": 7,
			"replicas": [
				241,
				184
			]
		},
		{
			"topic": "harman-perf-kafka-redis-connector-kafka-redis-state-store-changelog",
			"partition": 8,
			"replicas": [
				5,
				241
			]
		},
		{
			"topic": "harman-perf-kafka-redis-connector-kafka-redis-state-store-changelog",
			"partition": 9,
			"replicas": [
				184,
				5
			]
		},
		{
			"topic": "harman-perf-kafka-redis-connector-kafka-redis-state-store-changelog",
			"partition": 10,
			"replicas": [
				241,
				184
			]
		},
		{
			"topic": "harman-perf-kafka-redis-connector-kafka-redis-state-store-changelog",
			"partition": 11,
			"replicas": [
				5,
				241
			]
		},
		{
			"topic": "harman-perf-kafka-redis-connector-kafka-redis-state-store-changelog",
			"partition": 12,
			"replicas": [
				184,
				5
			]
		},
		{
			"topic": "harman-perf-kafka-redis-connector-kafka-redis-state-store-changelog",
			"partition": 13,
			"replicas": [
				241,
				184
			]
		},
		{
			"topic": "harman-perf-kafka-redis-connector-kafka-redis-state-store-changelog",
			"partition": 14,
			"replicas": [
				5,
				241
			]
		},
		{
			"topic": "harman-perf-kafka-redis-connector-kafka-redis-state-store-changelog",
			"partition": 15,
			"replicas": [
				184,
				5
			]
		},
		{
			"topic": "harman-perf-kafka-redis-connector-kafka-redis-state-store-changelog",
			"partition": 16,
			"replicas": [
				241,
				184
			]
		},
		{
			"topic": "harman-perf-kafka-redis-connector-kafka-redis-state-store-changelog",
			"partition": 17,
			"replicas": [
				5,
				241
			]
		},
		{
			"topic": "harman-perf-kafka-redis-connector-kafka-redis-state-store-changelog",
			"partition": 18,
			"replicas": [
				184,
				5
			]
		},
		{
			"topic": "harman-perf-kafka-redis-connector-kafka-redis-state-store-changelog",
			"partition": 19,
			"replicas": [
				241,
				184
			]
		},
		{
			"topic": "harman-perf-kafka-redis-connector-kafka-redis-state-store-changelog",
			"partition": 20,
			"replicas": [
				5,
				241
			]
		},
		{
			"topic": "harman-perf-kafka-redis-connector-kafka-redis-state-store-changelog",
			"partition": 21,
			"replicas": [
				184,
				5
			]
		},
		{
			"topic": "harman-perf-kafka-redis-connector-kafka-redis-state-store-changelog",
			"partition": 22,
			"replicas": [
				241,
				184
			]
		},
		{
			"topic": "harman-perf-kafka-redis-connector-kafka-redis-state-store-changelog",
			"partition": 23,
			"replicas": [
				5,
				241
			]
		},
		{
			"topic": "harman-perf-kafka-redis-connector-kafka-redis-state-store-changelog",
			"partition": 24,
			"replicas": [
				184,
				5
			]
		}
	],
	"version": 1
}
