{"name":"s3connectormetrics",
"config":{
"name":"s3connectormetrics",
"connector.class":"io.confluent.connect.hdfs.HdfsSinkConnector",
"format.class":"com.harman.ohcp.kafka.connect.hdfs.plain.PlainFormat",
"tasks.max":"12",
"flush.size":"10000",
"hdfs.url":"s3a://haa-metrics-local-dev",
"wal.class":"com.qubole.streamx.s3.wal.DBWAL",
"db.connection.url":"jdbc:mysql://${MYSQL_IP}:3306/kafkametrics",
"db.user":"root",
"db.password":"2#4DSR#W@D",
"hadoop.conf.dir":"/opt/event-persister/hdpconf",
"topics":"VehicleUsage-local-dev,AppUsage-local-dev,BluetoothDeviceUsage-local-dev,BluetoothDeviceContacts-local-dev,BluetoothFailureByDeviceByProfile-local-dev,BluetoothProfileUsage-local-dev,ServiceUsage-local-dev,TopStations-local-dev,ConnectivityUsage-local-dev,SoftKeyUsage-local-dev,HardKeyUsage-local-dev,PhoneBookAvailabilityUsage-local-dev,Error-local-dev,StabilityMetrics-local-dev,NetworkAcessDeviceRegStateAggregator-local-dev,DriveModeUsage-local-dev,ProjectionMode-local-dev,ProjectionModeActivity-local-dev,VehicleDiagnosticServices-local-dev"
}
}
