{"name":"s3connector",
"config":{
"name":"s3connector",
"connector.class":"io.confluent.connect.hdfs.HdfsSinkConnector",
"format.class":"com.harman.ohcp.kafka.connect.hdfs.plain.PlainFormat",
"tasks.max":"2",
"flush.size":"10",
"hdfs.url":"s3a://haa-event-persister-local-dev",
"wal.class":"com.qubole.streamx.s3.wal.DBWAL",
"db.connection.url":"jdbc:mysql://${MYSQL_IP}:3306/kafka",
"db.user":"root",
"db.password":"2#4DSR#W@D",
"hadoop.conf.dir":"/opt/event-persister/hdpconf",
"topics":"rawevents"}}
