{
  "networkMode": "bridge",
  "containerDefinitions": [
    {
      "volumesFrom": [],
      "memory": 1024,
      "portMappings": [
        {
          "hostPort": 80,
          "containerPort": 8080,
          "protocol": "tcp"
        }
      ],
      "essential": true,
      "entryPoint": [],
      "mountPoints": [],
      "name": "haa-harman-qa-DEVICECONFIG",
      "environment": [
        {
          "name": "API_REPOSITORY_SELECTOR",
          "value": "dynamo"
        },
        {
          "name": "DOCKER_VERSION",
          "value": "<version>"
        },
        {
          "name": "ENV",
          "value": "qa"
        },
        {
          "name": "HAA",
          "value": "haa"
        },
        {
          "name": "TENANT",
          "value": "haa-harman"
        },
		{
          "name": "endpoints.health.enabled",
          "value": "true"
        },
		{
          "name": "endpoints.info.enabled",
          "value": "true"
        },
        {
          "name": "profile",
          "value": "haa-harman-qa"
        }
      ],
      "workingDirectory": "/usr/local/tomcat",
      "image": "registry.ahanet.net:5000/haa/device-config:<version>",
       "command": [
        "/bin/bash -c \"/usr/bin/docker run --rm --net=host --name ${TENANT}_${ENV}_deviceConfig  -p 80:8080 -e TENANT=${TENANT} -e ENV=${ENV} -e CATALINA_OPTS='-server -Xmx4G -Xms2G -XX:+UseG1GC -XX:MaxGCPauseMillis=20 -XX:InitiatingHeapOccupancyPercent=35 -XX:+DisableExplicitGC -Djava.awt.headless=true' registry.ahanet.net:5000/haa/device-config:${DOCKER_VERSION}\""
      ],
      "logConfiguration": {
        "logDriver": "awslogs",
        "options": {
                    "awslogs-group": "ECSLogGroup-cfqa-EcsDeviceconfig-98YA0ZMMOB8P",
                    "awslogs-region": "us-east-1",
                    "awslogs-stream-prefix": "haa-harman-qa-deviceConfig"
                }
      },
      "cpu": 1024,
      "memoryReservation": 1024
    }
  ],
  "placementConstraints": [],
  "volumes": [],
  "family": "ignite-saas-qa-infra-haa-harman-qa-deviceConfig"
}