{
  "networkMode": "bridge",
  "containerDefinitions": [
    {
      "volumesFrom": [],
      "memory": 2048,
      "portMappings": [
        {
          "hostPort": 1883,
          "containerPort": 1883,
          "protocol": "tcp"
        },
        {
          "hostPort": 8443,
          "containerPort": 8443,
          "protocol": "tcp"
        }
      ],
      "essential": true,
      "entryPoint": [],
      "mountPoints": [],
      "name": "haa-harman-qa-hivemq",
      "environment": [
        {
          "name": "DOCKER_VERSION",
          "value": "<version>"
        },
        {
          "name": "ENV",
          "value": "qa"
        },
        {
          "name": "HAA",
          "value": "haa"
        },
        {
          "name": "TENANT",
          "value": "harman"
        },
        
        {
          "name": "HAA_mqtt_user_prefix",
          "value": "harman/qa/"
        },
        {
	       "name": "HAA_mqtt_topic_prefix",
	       "value": "haa/harman/qa/"
        },
        {
        "name": "HAA_kinesis_sink_topic_alerts",
        "value": "haa-harman-qa-alerts"
        },
        {
        "name": "HAA_kinesis_sink_topic_events",
        "value": "haa-harman-qa-events"
        },
        {
          "name": "JAVA_OPTS",
          "value": "-Xmx2g -Xms1g -XX:+UseG1GC -XX:MaxGCPauseMillis=20 -XX:InitiatingHeapOccupancyPercent=35 -XX:+DisableExplicitGC -XX:MetaspaceSize=96m -XX:G1HeapRegionSize=16M -XX:MinMetaspaceFreeRatio=50 -XX:MaxMetaspaceFreeRatio=80 -DLOG_LEVEL=DEBUG"
        },
        {
          "name": "IDLE_TIMEOUT_SECONDS",
          "value":"300"
        },
        {
          "name": "HAA_kinesis_accessKey",
          "value":"AKIAI7H3D6KRWPE6D3KQ"
        },
        {
          "name": "HAA_kinesis_secretAccessKey",
          "value":"gMqcvdmxVa9NTLTXia9V5PVe7ww/NwjAh7bCWyYs"
        },
        {
          "name": "HAA_oauth_introspect_url",
          "value":"https://qa-ignite-is.ahanet.net/oauth2/introspect"
        },
        {
          "name": "HIVEMQ_MAX_QUEUED_MSG",
          "value":"1000"
        },
        {
          "name": "HIVEMQ_PACKET_IDLE_TIMEOUT",
          "value":"5000"
        },
        {
          "name": "HIVEMQ_PERSISTENCE_CLIENT_GENERAL_MODE",
          "value":"in-memory"
        },
        {
          "name": "HIVEMQ_PERSISTENCE_CLIENT_SUB_MODE",
          "value":"in-memory"
        },
        {
          "name": "HIVEMQ_PERSISTENCE_RETAINED_MODE",
          "value":"in-memory"
        },
        {
          "name": "HIVEMQ_PERSISTENCE_MSG_IN_MODE",
          "value":"in-memory"
        },
        {
          "name": "HIVEMQ_PERSISTENCE_MSG_OUT_MODE",
          "value":"in-memory"
        },
        {
          "name": "HIVEMQ_MAX_QUEUED_MSG_PER_CLIENT",
          "value":"1000"
        },
        {
          "name": "HIVEMQ_PERSISTENCE_QUEUED_MSG_MODE",
          "value":"in-memory"
        },
        {
          "name": "HIVEMQ_QUEUE_MSG_STRATEGY",
          "value":"discard-oldest"
        },
        {
          "name": "HIVEMQ_CLUSTER_DISCOVERY_RELOAD_INT",
          "value":"30"
        },
        {
          "name": "HAA_redis_mode",
          "value":"CLUSTER"
        },
        {
          "name": "HAA_redis_cluster_endpoints",
          "value":"haa-harman-qa-ca.tw7wyw.clustercfg.use1.cache.amazonaws.com:6379"
        },
        {
         "name": "HAA_hivemq_message_sink_kafka",
         "value": "false"
        },
        {
        "name": "HAA_hivemq_message_sink_kinesis",
        "value": "true"
        }
      ],
      "workingDirectory": "/opt/hivemq/",
      "image": "registry.ahanet.net:5000/haa/hivemq-plugin:<version>",
       "command": [
        "/bin/bash -c \"/usr/bin/docker run --rm --net=host --name ${TENANT}_${ENV}_hivemq -p 8443:8443 -p 1883:1883  registry.ahanet.net:5000/haa/hivemq-plugin:${DOCKER_VERSION}\""
      ],
      "logConfiguration": {
        "logDriver": "awslogs",
        "options": {
                    "awslogs-group": "ECSLogGroup-haa-harman-qa-hivemq-THCAJY0PZE44",
                    "awslogs-region": "us-east-1",
                    "awslogs-stream-prefix": "haa-harman-qa-hivemq"
                }
      },
      "cpu": 1024,
      "memoryReservation": 2048
    }
  ],
  "placementConstraints": [],
  "volumes": [],
  "family": "ignite-qa-infra-haa-harman-qa-hivemq"
}