{
  "networkMode": "bridge",
  "containerDefinitions": [
    {
      "volumesFrom": [],
      "memory": 2048,
      "portMappings": [
        {
          "hostPort": 80,
          "containerPort": 8080,
          "protocol": "tcp"
        }
      ],
      "essential": true,
      "entryPoint": [],
      "mountPoints": [],
      "name": "haa-harman-qa-api",
      "environment": [
        {
          "name": "API_REPOSITORY_SELECTOR",
          "value": "dynamo"
        },
        {
          "name": "DOCKER_VERSION",
          "value": "<version>"
        },
        {
          "name": "ENV",
          "value": "qa"
        },
        {
          "name": "HAA",
          "value": "haa"
        },
        {
          "name": "TENANT",
          "value": "haa-harman"
        },
		{
          "name": "endpoints.health.enabled",
          "value": "true"
        },
		{
          "name": "endpoints.info.enabled",
          "value": "true"
        },
        {
          "name": "MQTT_BROKER_URL",
          "value": "ssl://andromeda-mqtt-ext-elb-1136387260.us-east-1.elb.amazonaws.com:8883"
        },
        {
          "name": "LOG_LEVEL",
          "value": "INFO"
        }
      ],
      "workingDirectory": "/usr/local/tomcat",
      "image": "registry.ahanet.net:5000/haa/api:<version>",
       "command": [
        "/bin/bash -c \"/usr/bin/docker run --rm --net=host --name ${TENANT}_${ENV}_api  -p 80:8080  -e  mqtt.broker.url=${MQTT_BROKER_URL} -e notification.config.kafka.topic=haa-harman-dev-internal -e general.config.kafka.topic=haa-harman-dev-internal -e TENANT=${TENANT} -e ENV=${ENV} -e CATALINA_OPTS='-server -Xmx2G -Xms1G -XX:+UseG1GC -XX:MaxGCPauseMillis=20 -XX:InitiatingHeapOccupancyPercent=35 -XX:+DisableExplicitGC -Djava.awt.headless=true' registry.ahanet.net:5000/haa/api:${DOCKER_VERSION}\""
      ],
      "logConfiguration": {
        "logDriver": "awslogs",
        "options": {
                    "awslogs-group": "ECSLogGroup-cfqa-EcsApi-DPUPG93JMO1F",
                    "awslogs-region": "us-east-1",
                    "awslogs-stream-prefix": "haa-harman-qa-api"
                }
      },
      "cpu": 1024,
      "memoryReservation": 1024
    }
  ],
  "placementConstraints": [],
  "volumes": [],
  "family": "cfqa-EcsApi-DPUPG93JMO1F-haa-harman-qa-api"
}