{  
    "AWSTemplateFormatVersion":"2010-09-09",
    "Description":"SAN multi-tenancy environment. Tenant specific infrastructure.",
    "Parameters":{  
        "OrgName":{  
            "Description":"Organization name",
            "Type":"String",
            "Default":"san",
            "AllowedValues":[  
                "aha",
                "cch",
                "san"
            ],
            "ConstraintDescription":"Must be a valid org name"
        },
        "TenantName":{  
            "Description":"Tenant name",
            "Type":"String",
            "Default":"dev",
            "AllowedValues":[  
                "qa",
                "qa2",
                "qa3",
                "dev",
                "demo",
                "fca",
                "toyota",
                "subaru",
                "subarupoc",
                "bmw",
                "nbtevo",
                "harman",
                "porsche",
                "honda",
                "internal"
            ],
            "ConstraintDescription":"Must be a valid tenant name"
        },
        "Environment":{  
            "Description":"Environment",
            "Type":"String",
            "Default":"stage",
            "AllowedValues":[  
                "stage",
                "prod",
                "stress",
                "local"
            ],
            "ConstraintDescription":"Must be a valid environment name"
        },
        "S3BucketDataRetention":{  
            "Description":"S3Bucket data retention policy in days",
            "Type":"Number",
            "Default":"1825",
            "MaxValue":"10000",
            "MinValue":"800"
        }
    },
    "Resources":{  
        "S3RepositoryBucket":{  
            "Type":"AWS::S3::Bucket",
            "Properties":{  
                "BucketName":{  
                    "Fn::Join":[  
                        "-",
                        [  
                            {  
                                "Ref":"OrgName"
                            },
                            {  
                                "Ref":"Environment"
                            },
                            {  
                                "Ref":"TenantName"
                            },
                            "lambda-repository2"
                        ]
                    ]
                },
                "LifecycleConfiguration":{  
                    "Rules":[  
                        {  
                            "Id":"data-retention-policy",
                            "ExpirationInDays":{  
                                "Ref":"S3BucketDataRetention"
                            },
                            "Status":"Enabled"
                        }
                    ]
                },
                "Tags":[  
                    {  
                        "Key":"Application",
                        "Value":{  
                            "Ref":"AWS::StackId"
                        }
                    },
                    {  
                        "Key":"Owner",
                        "Value":"san"
                    },
                    {  
                        "Key":"Environment",
                        "Value":{  
                            "Ref":"Environment"
                        }
                    },
                    {  
                        "Key":"Tenant",
                        "Value":{  
                            "Ref":"TenantName"
                        }
                    }
                ]
            }
        },
        "SanDeployUser":{  
            "Type":"AWS::IAM::User",
            "Properties":{  
                "UserName":"san-deploy-user",
                "Path":"/",
                "Policies":[  
                    {  
                        "PolicyName":"AllLambdaAccess",
                        "PolicyDocument":{  
                            "Version":"2012-10-17",
                            "Statement":[  
                                {  
                                    "Effect":"Allow",
                                    "Action":[  
                                        "lambda:*"
                                    ],
                                    "Resource":"*"
                                }
                            ]
                        }
                    },
                    {  
                        "PolicyName":"ECSFullAccess",
                        "PolicyDocument":{  
                            "Version":"2012-10-17",
                            "Statement":[  
                                {  
                                    "Effect":"Allow",
                                    "Action":[  
                                        "ecs:*"
                                    ],
                                    "Resource":"*"
                                }
                            ]
                        }
                    },
                    {  
                        "PolicyName":"PassRole",
                        "PolicyDocument":{  
                            "Version":"2012-10-17",
                            "Statement":[  
                                {  
                                    "Effect":"Allow",
                                    "Action":[  
                                        "iam:PassRole"
                                    ],
                                    "Resource":"*"
                                }
                            ]
                        }
                    },
                    {  
                        "PolicyName":"ListGetPutToS3",
                        "PolicyDocument":{  
                            "Version":"2012-10-17",
                            "Statement":[  
                                {  
                                    "Effect":"Allow",
                                    "Action":[  
                                        "s3:ListAllMyBuckets"
                                    ],
                                    "Resource":"arn:aws:s3:::*"
                                },
                                {  
                                    "Effect":"Allow",
                                    "Action":[  
                                        "s3:ListAllMyBuckets",
                                        "s3:ListBucket",
                                        "s3:ListBucketMultipartUploads",
                                        "s3:ListBucketVersions",
                                        "s3:PutObject",
                                        "s3:GetObject"
                                    ],
                                    "Resource":[  
                                        {  
                                            "Fn::Join":[  
                                                "",
                                                [  
                                                    "arn:aws:s3:::",
                                                    {  
                                                        "Ref":"S3RepositoryBucket"
                                                    }
                                                ]
                                            ]
                                        },
                                        {  
                                            "Fn::Join":[  
                                                "",
                                                [  
                                                    "arn:aws:s3:::",
                                                    {  
                                                        "Ref":"S3RepositoryBucket"
                                                    },
                                                    "/*"
                                                ]
                                            ]
                                        }
                                    ]
                                }
                            ]
                        }
                    }
                ]
            }
        },
        "DeployUserAccessKeyPrimary":{  
            "Type":"AWS::IAM::AccessKey",
            "Properties":{  
                "Serial":3,
                "Status":"Active",
                "UserName":{  
                    "Ref":"SanDeployUser"
                }
            }
        },
        "MqttUser":{
            "Type":"AWS::IAM::User",
            "Properties":{
                "Path":"/",
                "Policies":[
                    {
                        "PolicyName":"KinesisFullAccess",
                        "PolicyDocument":{
                            "Version":"2012-10-17",
                            "Statement":[
                                {
                                    "Effect":"Allow",
                                    "Action":[
                                        "kinesis:*"
                                    ],
                                    "Resource":"*"
                                }
                            ]
                        }
                    }
                ]
            }
        },
        "MqttUserAccessKeyPrimary":{
            "Type":"AWS::IAM::AccessKey",
            "Properties":{
                "Serial":3,
                "Status":"Active",
                "UserName":{
                    "Ref":"MqttUser"
                }
            }
        },
    },
    "Outputs":{  
        "DeployUserAccessKeyPrimary":{  
            "Value":{  
                "Ref":"DeployUserAccessKeyPrimary"
            },
            "Description":"AccessKey of Deploy user"
        },
        "DeployUserSecretKey":{  
            "Value":{  
                "Fn::GetAtt":[  
                    "DeployUserAccessKeyPrimary",
                    "SecretAccessKey"
                ]
            },
            "Description":"SecretKey of Deploy user"
        },
        "MqttUserAccessKeyPrimary":{  
            "Value":{  
                "Ref":"MqttUserAccessKeyPrimary"
            },
            "Description":"AccessKey of Mqtt user"
        },
        "MqttUserSecretKey":{  
            "Value":{  
                "Fn::GetAtt":[  
                    "MqttUserAccessKeyPrimary",
                    "SecretAccessKey"
                ]
            },
            "Description":"SecretKey of Mqtt user"
        }
    }
}